{
    "accuracy": 0.997,
    "precision": 0.9970012723232572,
    "recall": 0.997,
    "f1-score": 0.9969999980799986,
    "confusion_matrix": [
        [
            4981,
            19
        ],
        [
            11,
            4989
        ]
    ]
}