{
    "accuracy": 0.9977,
    "precision": 0.997702408879659,
    "recall": 0.9977,
    "f1-score": 0.9976999972169966,
    "confusion_matrix": [
        [
            4983,
            17
        ],
        [
            6,
            4994
        ]
    ]
}